2017-2018 New Disbursements by Age,,,,,,
Data Source: Enterprise Data Warehouse,,,,,,
"Data as of March 31, 2019",,,,,,
,,,,,,
 ,Grants,,Loans,,Total,
Age,Disbursements,Recipients,Disbursements,Recipients,Disbursements,Recipients
,(in billions),(in thousands),(in billions),(in thousands),(in billions),(in thousands)
18 or Younger, 5 ," 1,010 ", 8 , 893 , 13 ," 1,497 "
19 to 24, 15 ," 3,607 ", 42 ," 3,853 ", 57 ," 5,675 "
25 to 34, 6 ," 1,632 ", 28 ," 1,955 ", 34 ," 2,677 "
35 to 49, 3 , 738 , 12 ," 1,018 ", 15 ," 1,322 "
50 to 61, 0 , 130 , 2 , 206 , 3 , 262 
62 and Older, 0 , 17 , 0 , 23 , 0 , 31 
